timestamp,all_algorithms,preferred_algorithm
2025-04-10T21:15:56.448709,TRUE,
2025-04-10T21:26:09.546877,FALSE,Kmeans
2025-04-10T21:42:20.737854,TRUE,
2025-04-10T21:42:27.110778,FALSE,Spectral Clustering
2025-04-10T21:43:45.589632,TRUE,
2025-04-10T21:45:00.706535,TRUE,
2025-04-10T21:48:15.763712,TRUE,
2025-04-10T21:48:22.654501,FALSE,Spectral Clustering
2025-04-10T21:53:40.520369,TRUE,
2025-04-10T21:53:59.844287,FALSE,AGNES
2025-04-10T21:58:03.191363,TRUE,
2025-04-10T21:58:12.375911,FALSE,AGNES
2025-04-10T21:59:20.524912,FALSE,Spectral Clustering
2025-04-10T21:59:25.146823,TRUE,
2025-04-10T22:15:08.172356,False,Spectral Clustering
2025-04-10T22:38:27.428415,True,
